member_casual,classic_bike,electric_bike
casual,83.3967681053876,16.60323189461241
member,86.88914398393518,13.110856016064812
