member_casual,classic_bike,electric_bike
casual,83.50364865918738,16.49635134081262
member,86.6682633362951,13.33173666370491
