start_area,classic_bike,electric_bike
North Area,87.33207135515728,12.667928644842718
South Area,84.54830602379394,15.451693976206057
