rideable_type,0
electric_bike,33.583929573065504
classic_bike,39.55816527231368
